Player,Season,MLS,Year Salary,Next Year Salary,Age,G,PA,AB,R,H,2B,3B,HR,RBI,SB,CS,BB%,K%,ISO,BABIP,AVG,OBP,SLG,wOBA,wRC+,playerid,first_name,last_name,Position
"Blackmon, Charlie",2018,5.102,7300000.0,14000000.0,,,,,,,,,,,,,,,,,,,,,,,Charlie,Blackmon,cf
"Bryant, Kris",2018,2.171,1050000.0,10850000.0,,,,,,,,,,,,,,,,,,,,,,,Kris,Bryant,3b
"Rendon, Anthony",2018,4.13,5800000.0,12300000.0,,,,,,,,,,,,,,,,,,,,,,,Anthony,Rendon,3b
"Ozuna, Marcell",2018,4.124,3500000.0,9000000.0,,,,,,,,,,,,,,,,,,,,,,,Marcell,Ozuna,lf
"Betts, Mookie",2014,3.07,950000.0,10500000.0,26.0,1265.0,5757.0,5044.0,996.0,1485.0,347.0,34.0,252.0,756.0,172.0,37.0,0.10665277,0.138787562,0.232157018,0.305198019,0.294409199,0.373196593,0.526566217,0.3809376737218101,139.87266335205365,13611.0,Mookie,Betts,rf
"Realmuto, J.T.",2018,3.038,562500.0,2900000.0,,,,,,,,,,,,,,,,,,,,,,,J.T.,Realmuto,c
"LeMahieu, D.J.",2018,5.128,4800000.0,8500000.0,,,,,,,,,,,,,,,,,,,,,,,D.J.,LeMahieu,2b
"Schoop, Jonathan",2018,4.027,3475000.0,8500000.0,,,,,,,,,,,,,,,,,,,,,,,Jonathan,Schoop,2b-3b
"Grandal, Yasmani",2018,5.115,5500000.0,7900000.0,,,,,,,,,,,,,,,,,,,,,,,Yasmani,Grandal,c
"Springer, George",2018,3.166,3900000.0,12000000.0,,,,,,,,,,,,,,,,,,,,,,,George,Springer,cf
"Gregorius, Didi",2018,4.159,5100000.0,8250000.0,,,,,,,,,,,,,,,,,,,,,,,Didi,Gregorius,ss
"Abreu, Jose",2018,4.0,10825000.0,13000000.0,,,,,,,,,,,,,,,,,,,,,,,Jose,Abreu,1b
"Dickerson, Corey",2018,4.101,3025000.0,5950000.0,,,,,,,,,,,,,,,,,,,,,,,Corey,Dickerson,lf-dh
"Taylor, Michael",2018,3.01,557900.0,2525000.0,,,,,,,,,,,,,,,,,,,,,,,Michael,Taylor,of
"Donaldson, Josh",2018,5.158,17000000.0,23000000.0,,,,,,,,,,,,,,,,,,,,,,,Josh,Donaldson,3b
"Peralta, David",2018,3.12,572200.0,3300000.0,,,,,,,,,,,,,,,,,,,,,,,David,Peralta,rf
"Suarez, Eugenio",2018,3.061,595000.0,3750000.0,,,,,,,,,,,,,,,,,,,,,,,Eugenio,Suarez,3b
"Garcia, Avisail",2018,4.167,3000000.0,6700000.0,,,,,,,,,,,,,,,,,,,,,,,Avisail,Garcia,rf
"Hernandez, Cesar",2018,3.154,2550000.0,5100000.0,,,,,,,,,,,,,,,,,,,,,,,Cesar,Hernandez,2b
"Lamb, Jake",2018,3.053,573300.0,4275000.0,,,,,,,,,,,,,,,,,,,,,,,Jake,Lamb,3b
"Pollock, A.J.",2018,5.052,6750000.0,7750000.0,,,,,,,,,,,,,,,,,,,,,,,A.J.,Pollock,cf
"Zunino, Mike",2018,3.16,570000.0,2975000.0,,,,,,,,,,,,,,,,,,,,,,,Mike,Zunino,c
"Galvis, Freddy",2018,5.021,4350000.0,6825000.0,,,,,,,,,,,,,,,,,,,,,,,Freddy,Galvis,ss
"Beckham, Tim",2018,3.134,885000.0,3350000.0,,,,,,,,,,,,,,,,,,,,,,,Tim,Beckham,2b
"Spangenberg, Cory",2018,3.016,540000.0,1700000.0,,,,,,,,,,,,,,,,,,,,,,,Cory,Spangenberg,3b
"Maldonado, Martin",2018,5.156,1725000.0,3900000.0,,,,,,,,,,,,,,,,,,,,,,,Martin,Maldonado,c
"Davis, Khris",2018,4.104,5000000.0,10500000.0,,,,,,,,,,,,,,,,,,,,,,,Khris,Davis,lf
"d'Arnaud, Travis",2018,4.044,1875000.0,3475000.0,,,,,,,,,,,,,,,,,,,,,,,Travis,d'Arnaud,c
"Bogaerts, Xander",2018,4.042,4500000.0,7050000.0,,,,,,,,,,,,,,,,,,,,,,,Xander,Bogaerts,ss
"Gennett, Scooter",2018,4.071,2525000.0,5700000.0,,,,,,,,,,,,,,,,,,,,,,,Scooter,Gennett,2b
"Hernandez, Enrique",2018,3.054,555000.0,1600000.0,,,,,,,,,,,,,,,,,,,,,,,Enrique,Hernandez,2b-3b
"Joseph, Caleb",2018,3.145,700000.0,1250000.0,,,,,,,,,,,,,,,,,,,,,,,Caleb,Joseph,c
"Rojas, Miguel",2018,3.043,535000.0,1180000.0,,,,,,,,,,,,,,,,,,,,,,,Miguel,Rojas,ss
"Owings, Chris",2018,4.027,2300000.0,3400000.0,,,,,,,,,,,,,,,,,,,,,,,Chris,Owings,ss
"Panik, Joe",2018,3.1,600000.0,3450000.0,,,,,,,,,,,,,,,,,,,,,,,Joe,Panik,2b
"Bour, Justin",2018,3.064,552500.0,3400000.0,,,,,,,,,,,,,,,,,,,,,,,Justin,Bour,1b
"Souza, Steven",2018,3.072,546700.0,3550000.0,,,,,,,,,,,,,,,,,,,,,,,Steven,Souza,rf
"Hicks, Aaron",2018,4.041,1350000.0,2825000.0,,,,,,,,,,,,,,,,,,,,,,,Aaron,Hicks,of
"Vazquez, Christian",2018,3.031,561000.0,1425000.0,,,,,,,,,,,,,,,,,,,,,,,Christian,Vazquez,c
"Semien, Marcus",2018,3.118,545000.0,3125000.0,,,,,,,,,,,,,,,,,,,,,,,Marcus,Semien,ss
"Russell, Addison",2018,2.167,644000.0,3200000.0,,,,,,,,,,,,,,,,,,,,,,,Addison,Russell,ss
"Sanchez, Yolmer",2018,2.134,546000.0,2350000.0,,,,,,,,,,,,,,,,,,,,,,,Yolmer,Sanchez,2b
"Dietrich, Derek",2018,3.151,1700000.0,2900000.0,,,,,,,,,,,,,,,,,,,,,,,Derek,Dietrich,2b-3b
"Flores, Wilmer",2018,4.003,2200000.0,3400000.0,,,,,,,,,,,,,,,,,,,,,,,Wilmer,Flores,2b-3b
"Perez, Hernan",2018,3.079,545700.0,1975000.0,,,,,,,,,,,,,,,,,,,,,,,Hernan,Perez,3b
"Machado, Manny",2018,5.056,11500000.0,16000000.0,,,,,,,,,,,,,,,,,,,,,,,Manny,Machado,3b
"Grichuk, Randal",2018,3.033,557200.0,2800000.0,,,,,,,,,,,,,,,,,,,,,,,Randal,Grichuk,rf
"Bradley Jr., Jackie",2018,3.15,3600000.0,6100000.0,,,,,,,,,,,,,,,,,,,,,,,Jackie,Bradley Jr.,rf
"Chisenhall, Lonnie",2018,5.158,4300000.0,5587500.0,,,,,,,,,,,,,,,,,,,,,,,Lonnie,Chisenhall,rf
"Adrianza, Ehire",2018,3.131,600000.0,1000000.0,,,,,,,,,,,,,,,,,,,,,,,Ehire,Adrianza,2b-ss
"Garcia, Leury",2018,3.025,546500.0,1175000.0,,,,,,,,,,,,,,,,,,,,,,,Leury,Garcia,cf-2b
"Hamilton, Billy",2018,4.028,2625000.0,4600000.0,,,,,,,,,,,,,,,,,,,,,,,Billy,Hamilton,cf
"Castellanos, Nicholas",2018,4.029,3000000.0,6050000.0,,,,,,,,,,,,,,,,,,,,,,,Nicholas,Castellanos,3b
"Marisnick, Jake",2018,3.145,1100000.0,1900000.0,,,,,,,,,,,,,,,,,,,,,,,Jake,Marisnick,cf
"Escobar, Eduardo",2018,5.128,2600000.0,4850000.0,,,,,,,,,,,,,,,,,,,,,,,Eduardo,Escobar,ss
"La Stella, Tommy",2018,3.057,573500.0,950000.0,,,,,,,,,,,,,,,,,,,,,,,Tommy,La Stella,2b-3b
"Szczur, Matt",2018,2.134,549500.0,950000.0,,,,,,,,,,,,,,,,,,,,,,,Matt,Szczur,of
"Carrera, Ezequiel",2018,4.039,1162500.0,1900000.0,,,,,,,,,,,,,,,,,,,,,,,Ezequiel,Carrera,of
"Gattis, Evan",2018,5.0,5200000.0,6700000.0,,,,,,,,,,,,,,,,,,,,,,,Evan,Gattis,dh-c
"Villar, Jonathan",2018,3.113,554500.0,2550000.0,,,,,,,,,,,,,,,,,,,,,,,Jonathan,Villar,2b
"Hechavarria, Adeiny",2018,5.06,4350000.0,5900000.0,,,,,,,,,,,,,,,,,,,,,,,Adeiny,Hechavarria,ss
"Sucre, Jesus",2018,3.137,630000.0,925000.0,,,,,,,,,,,,,,,,,,,,,,,Jesus,Sucre,c
"Miller, Brad",2018,4.094,3575000.0,4500000.0,,,,,,,,,,,,,,,,,,,,,,,Brad,Miller,2b
"Cron, C.J.",2018,3.097,565000.0,2300000.0,,,,,,,,,,,,,,,,,,,,,,,C.J.,Cron,1b-dh
"Pederson, Joc",2018,3.023,555000.0,2600000.0,,,,,,,,,,,,,,,,,,,,,,,Joc,Pederson,cf
"Ahmed, Nick",2018,3.054,566000.0,1275000.0,,,,,,,,,,,,,,,,,,,,,,,Nick,Ahmed,ss
"Mercer, Jordy",2018,5.095,4325000.0,6750000.0,,,,,,,,,,,,,,,,,,,,,,,Jordy,Mercer,ss
"Rupp, Cameron",2018,3.089,565000.0,2050000.0,,,,,,,,,,,,,,,,,,,,,,,Cameron,Rupp,c
"Grossman, Robbie",2018,3.06,552500.0,2000000.0,,,,,,,,,,,,,,,,,,,,,,,Robbie,Grossman,lf
"Leon, Sandy",2018,3.149,1300000.0,1950000.0,,,,,,,,,,,,,,,,,,,,,,,Sandy,Leon,c
"Pillar, Kevin",2018,3.113,555000.0,3250000.0,,,,,,,,,,,,,,,,,,,,,,,Kevin,Pillar,of
"Travis, Devon",2018,3.0,545200.0,1450000.0,,,,,,,,,,,,,,,,,,,,,,,Devon,Travis,2b
"Iglesias, Jose",2018,5.036,4100000.0,6275000.0,,,,,,,,,,,,,,,,,,,,,,,Jose,Iglesias,ss
"Profar, Jurickson",2018,3.165,1005000.0,1050000.0,,,,,,,,,,,,,,,,,,,,,,,Jurickson,Profar,lf
"Duffy, Matt",2018,3.059,545300.0,930000.0,,,,,,,,,,,,,,,,,,,,,,,Matt,Duffy,ss
"Rua, Ryan",2018,2.129,544740.0,870000.0,,,,,,,,,,,,,,,,,,,,,,,Ryan,Rua,of
"Holt, Brock",2018,4.052,1950000.0,2225000.0,,,,,,,,,,,,,,,,,,,,,,,Brock,Holt,3b-rf
"Romine, Austin",2018,4.045,805000.0,1100000.0,,,,,,,,,,,,,,,,,,,,,,,Austin,Romine,c
"Herrmann, Chris",2018,4.001,937500.0,1300000.0,,,,,,,,,,,,,,,,,,,,,,,Chris,Herrmann,c
"Franco, Maikel",2018,2.17,560000.0,2950000.0,,,,,,,,,,,,,,,,,,,,,,,Maikel,Franco,3b
"McCann, James",2018,3.028,552100.0,2375000.0,,,,,,,,,,,,,,,,,,,,,,,James,McCann,c
"Betts, Mookie",2019,4.07,10500000.0,20000000.0,,,,,,,,,,,,,,,,,,,,,,,Mookie,Betts,rf
"Lindor, Francisco",2019,3.113,623200.0,10550000.0,,,,,,,,,,,,,,,,,,,,,,,Francisco,Lindor,ss
"Baez, Javier",2019,3.089,657000.0,5200000.0,,,,,,,,,,,,,,,,,,,,,,,Javier,Baez,2b
"Arenado, Nolan",2019,5.155,17750000.0,26000000.0,,,,,,,,,,,,,,,,,,,,,,,Nolan,Arenado,3b
"Realmuto, J.T.",2019,4.038,2900000.0,5900000.0,,,,,,,,,,,,,,,,,,,,,,,J.T.,Realmuto,c
"Rendon, Anthony",2019,5.13,12300000.0,18800000.0,,,,,,,,,,,,,,,,,,,,,,,Anthony,Rendon,3b
"Semien, Marcus",2019,4.118,3125000.0,5900000.0,,,,,,,,,,,,,,,,,,,,,,,Marcus,Semien,ss
"Turner, Trea",2019,2.135,577200.0,3725000.0,,,,,,,,,,,,,,,,,,,,,,,Trea,Turner,ss
"Bogaerts, Xander",2019,5.042,7050000.0,12000000.0,,,,,,,,,,,,,,,,,,,,,,,Xander,Bogaerts,ss
"Story, Trevor",2019,3.0,555000.0,5000000.0,,,,,,,,,,,,,,,,,,,,,,,Trevor,Story,ss
"Castellanos, Nick",2019,5.029,6050000.0,9950000.0,,,,,,,,,,,,,,,,,,,,,,,Nick,Castellanos,3b
"Shaw, Travis",2019,3.088,567400.0,4675000.0,,,,,,,,,,,,,,,,,,,,,,,Travis,Shaw,3b
"Gregorius, Didi",2019,5.159,8250000.0,11750000.0,,,,,,,,,,,,,,,,,,,,,,,Didi,Gregorius,ss
"Gennett, Scooter",2019,5.071,5700000.0,9775000.0,,,,,,,,,,,,,,,,,,,,,,,Scooter,Gennett,2b
"Taylor, Chris",2019,3.037,575000.0,3500000.0,,,,,,,,,,,,,,,,,,,,,,,Chris,Taylor,cf
"Rosario, Eddie",2019,3.12,602500.0,4190000.0,,,,,,,,,,,,,,,,,,,,,,,Eddie,Rosario,lf
"Hernandez, Cesar",2019,4.154,5100000.0,7750000.0,,,,,,,,,,,,,,,,,,,,,,,Cesar,Hernandez,2b
"Pham, Tommy",2019,3.107,570100.0,4100000.0,,,,,,,,,,,,,,,,,,,,,,,Tommy,Pham,cf
"Ahmed, Nick",2019,4.054,1275000.0,3662500.0,,,,,,,,,,,,,,,,,,,,,,,Nick,Ahmed,ss
"Bryant, Kris",2019,3.171,10850000.0,12900000.0,,,,,,,,,,,,,,,,,,,,,,,Kris,Bryant,3b
"Davis, Khris",2019,5.104,10500000.0,16500000.0,,,,,,,,,,,,,,,,,,,,,,,Khris,Davis,lf
"Conforto, Michael",2019,3.043,605094.0,4025000.0,,,,,,,,,,,,,,,,,,,,,,,Michael,Conforto,lf-rf
"Martin, Leonys",2019,5.161,1750000.0,3000000.0,,,,,,,,,,,,,,,,,,,,,,,Leonys,Martin,cf
"Peralta, David",2019,4.12,3300000.0,7000000.0,,,,,,,,,,,,,,,,,,,,,,,David,Peralta,rf
"Ozuna, Marcell",2019,5.124,9000000.0,12250000.0,,,,,,,,,,,,,,,,,,,,,,,Marcell,Ozuna,lf
"Peraza, Jose",2019,2.141,570000.0,2775000.0,,,,,,,,,,,,,,,,,,,,,,,Jose,Peraza,2b
"Correa, Carlos",2019,3.119,1000000.0,5000000.0,,,,,,,,,,,,,,,,,,,,,,,Carlos,Correa,ss
"Hicks, Aaron",2019,5.041,2825000.0,6000000.0,,,,,,,,,,,,,,,,,,,,,,,Aaron,Hicks,of
"Dickerson, Corey",2019,5.101,5950000.0,8500000.0,,,,,,,,,,,,,,,,,,,,,,,Corey,Dickerson,lf
"Duffy, Matt",2019,4.059,930000.0,2675000.0,,,,,,,,,,,,,,,,,,,,,,,Matt,Duffy,ss
"Schwarber, Kyle",2019,3.086,604500.0,3390000.0,,,,,,,,,,,,,,,,,,,,,,,Kyle,Schwarber,lf-c
"Kepler, Max",2019,2.152,587500.0,3125000.0,,,,,,,,,,,,,,,,,,,,,,,Max,Kepler,rf
"Pillar, Kevin",2019,4.113,3250000.0,5800000.0,,,,,,,,,,,,,,,,,,,,,,,Kevin,Pillar,cf
"Hernandez, Enrique",2019,4.054,1600000.0,3725000.0,,,,,,,,,,,,,,,,,,,,,,,Enrique,Hernandez,2b-ss
"Pederson, Joc",2019,4.028,2600000.0,5000000.0,,,,,,,,,,,,,,,,,,,,,,,Joc,Pederson,cf
"Bradley Jr., Jackie",2019,4.15,6100000.0,8550000.0,,,,,,,,,,,,,,,,,,,,,,,Jackie,Bradley Jr.,cf
"Cron, C.J.",2019,4.097,2300000.0,4800000.0,,,,,,,,,,,,,,,,,,,,,,,C.J.,Cron,1b-dh
"Hedges, Austin",2019,2.166,553100.0,2060000.0,,,,,,,,,,,,,,,,,,,,,,,Austin,Hedges,c
"Abreu, Jose",2019,5.0,13000000.0,16000000.0,,,,,,,,,,,,,,,,,,,,,,,Jose,Abreu,1b
"Puig, Yasiel",2019,5.102,9214286.0,9700000.0,,,,,,,,,,,,,,,,,,,,,,,Yasiel,Puig,rf
"Franco, Maikel",2019,3.17,2950000.0,5200000.0,,,,,,,,,,,,,,,,,,,,,,,Maikel,Franco,3b
"Grichuk, Randal",2019,4.033,2800000.0,5000000.0,,,,,,,,,,,,,,,,,,,,,,,Randal,Grichuk,lf
"Pina, Manny",2019,3.046,560100.0,1750000.0,,,,,,,,,,,,,,,,,,,,,,,Manny,Pina,c
"Profar, Jurickson",2019,4.165,1050000.0,3600000.0,,,,,,,,,,,,,,,,,,,,,,,Jurickson,Profar,lf
"Culberson, Charlie",2019,3.084,575000.0,1395000.0,,,,,,,,,,,,,,,,,,,,,,,Charlie,Culberson,2b-3b
"Russell, Addison",2019,3.167,3200000.0,3400000.0,,,,,,,,,,,,,,,,,,,,,,,Addison,Russell,ss
"Canha, Mark",2019,3.092,545000.0,2050000.0,,,,,,,,,,,,,,,,,,,,,,,Mark,Canha,1b-lf
"Rojas, Miguel",2019,4.038,1180000.0,3155000.0,,,,,,,,,,,,,,,,,,,,,,,Miguel,Rojas,ss
"Kratz, Erik",2019,4.156,,1500000.0,,,,,,,,,,,,,,,,,,,,,,,Erik,Kratz,c
"Hamilton, Billy",2019,5.028,4600000.0,4250000.0,,,,,,,,,,,,,,,,,,,,,,,Billy,Hamilton,cf
"Zunino, Mike",2019,4.165,2975000.0,4412500.0,,,,,,,,,,,,,,,,,,,,,,,Mike,Zunino,c
"Murphy, John Ryan",2019,3.043,558000.0,900000.0,,,,,,,,,,,,,,,,,,,,,,,John Ryan,Murphy,c
"Wolters, Tony",2019,2.161,550000.0,960000.0,,,,,,,,,,,,,,,,,,,,,,,Tony,Wolters,c
"Duvall, Adam",2019,3.096,645000.0,2875000.0,,,,,,,,,,,,,,,,,,,,,,,Adam,Duvall,lf
"Villar, Jonathan",2019,4.113,2550000.0,4825000.0,,,,,,,,,,,,,,,,,,,,,,,Jonathan,Villar,2b
"Garcia, Avisail",2019,5.167,6700000.0,3500000.0,,,,,,,,,,,,,,,,,,,,,,,Avisail,Garcia,rf
"Romine, Austin",2019,5.045,1100000.0,1800000.0,,,,,,,,,,,,,,,,,,,,,,,Austin,Romine,c
"DeShields Jr., Delino",2019,3.116,561500.0,1400000.0,,,,,,,,,,,,,,,,,,,,,,,Delino,DeShields Jr.,cf-lf
"Sanchez, Yolmer",2019,3.134,2350000.0,4625000.0,,,,,,,,,,,,,,,,,,,,,,,Yolmer,Sanchez,2b
"Plawecki, Kevin",2019,2.167,557471.0,1137500.0,,,,,,,,,,,,,,,,,,,,,,,Kevin,Plawecki,c
"Seager, Corey",2019,3.032,605000.0,4000000.0,,,,,,,,,,,,,,,,,,,,,,,Corey,Seager,ss
"Jankowski, Travis",2019,2.169,,1165000.0,,,,,,,,,,,,,,,,,,,,,,,Travis,Jankowski,cf
"Santana, Domingo",2019,3.024,572400.0,1950000.0,,,,,,,,,,,,,,,,,,,,,,,Domingo,Santana,rf
"Lamb, Jake",2019,4.053,4275000.0,4825000.0,,,,,,,,,,,,,,,,,,,,,,,Jake,Lamb,3b
"Garcia, Leury",2019,4.025,1175000.0,1550000.0,,,,,,,,,,,,,,,,,,,,,,,Leury,Garcia,cf-2b
"Perez, Hernan",2019,4.079,1975000.0,2500000.0,,,,,,,,,,,,,,,,,,,,,,,Hernan,Perez,3b
"Saladino, Tyler",2019,3.053,565000.0,887500.0,,,,,,,,,,,,,,,,,,,,,,,Tyler,Saladino,2b
"Panik, Joe",2019,4.1,3450000.0,3850000.0,,,,,,,,,,,,,,,,,,,,,,,Joe,Panik,2b
"Casali, Curt",2019,2.151,513600.0,950000.0,,,,,,,,,,,,,,,,,,,,,,,Curt,Casali,c
"Holt, Brock",2019,5.052,2225000.0,3575000.0,,,,,,,,,,,,,,,,,,,,,,,Brock,Holt,3b-rf
"d'Arnaud, Travis",2019,5.044,3475000.0,3515000.0,,,,,,,,,,,,,,,,,,,,,,,Travis,d'Arnaud,c
"La Stella, Tommy",2019,4.057,950000.0,1350000.0,,,,,,,,,,,,,,,,,,,,,,,Tommy,La Stella,2b-3b
"Leon, Sandy",2019,4.149,1950000.0,2475000.0,,,,,,,,,,,,,,,,,,,,,,,Sandy,Leon,c
"Garcia, Greg",2019,3.083,569600.0,910000.0,,,,,,,,,,,,,,,,,,,,,,,Greg,Garcia,ss
"Torreyes, Ronnie",2019,2.139,615500.0,800000.0,,,,,,,,,,,,,,,,,,,,,,,Ronnie,Torreyes,2b
"Marisnick, Jake",2019,4.132,1900000.0,2212500.0,,,,,,,,,,,,,,,,,,,,,,,Jake,Marisnick,cf
"Sano, Miguel",2019,3.066,602500.0,2650000.0,,,,,,,,,,,,,,,,,,,,,,,Miguel,Sano,rf
"Adrianza, Ehire",2019,4.131,1000000.0,1300000.0,,,,,,,,,,,,,,,,,,,,,,,Ehire,Adrianza,2b-ss
"Phegley, Josh",2019,4.087,905000.0,1075000.0,,,,,,,,,,,,,,,,,,,,,,,Josh,Phegley,c
"Travis, Devon",2019,3.163,1450000.0,1950000.0,,,,,,,,,,,,,,,,,,,,,,,Devon,Travis,2b
"Swihart, Blake",2019,2.164,563500.0,910000.0,,,,,,,,,,,,,,,,,,,,,,,Blake,Swihart,c
"Cuthbert, Cheslor",2019,3.03,573500.0,850000.0,,,,,,,,,,,,,,,,,,,,,,,Cheslor,Cuthbert,3b
"Mazara, Nomar",2019,3.0,563560.0,3300000.0,,,,,,,,,,,,,,,,,,,,,,,Nomar,Mazara,rf
"Souza, Steven",2019,4.072,3550000.0,4125000.0,,,,,,,,,,,,,,,,,,,,,,,Steven,Souza,rf
"Buxton, Byron",2019,2.16,580000.0,1750000.0,,,,,,,,,,,,,,,,,,,,,,,Byron,Buxton,cf
"Drury, Brandon",2019,2.165,621900.0,1300000.0,,,,,,,,,,,,,,,,,,,,,,,Brandon,Drury,3b
"Bird, Greg",2019,3.053,582000.0,1200000.0,,,,,,,,,,,,,,,,,,,,,,,Greg,Bird,1b
"Owings, Chris",2019,5.012,3400000.0,3000000.0,,,,,,,,,,,,,,,,,,,,,,,Chris,Owings,ss
"Altherr, Aaron",2019,3.028,561000.0,1350000.0,,,,,,,,,,,,,,,,,,,,,,,Aaron,Altherr,of
"Semien, Marcus",2020,5.118,5900000.0,13000000.0,,,,,,,,,,,,,,,,,,,,,,,Marcus,Semien,ss
"Bellinger, Cody",2020,2.16,605000.0,11500000.0,,,,,,,,,,,,,,,,,,,,,,,Cody,Bellinger,1b-of
"Betts, Mookie",2020,5.07,20000000.0,27000000.0,,,,,,,,,,,,,,,,,,,,,,,Mookie,Betts,rf
"Springer, George",2020,5.166,12000000.0,21000000.0,,,,,,,,,,,,,,,,,,,,,,,George,Springer,cf
"Soler, Jorge",2020,4.143,4666667.0,7300000.0,,,,,,,,,,,,,,,,,,,,,,,Jorge,Soler,rf-dh
"Baez, Javy",2020,4.089,5200000.0,10000000.0,,,,,,,,,,,,,,,,,,,,,,,Javy,Baez,2b
"Turner, Trea",2020,3.135,3725000.0,7450000.0,,,,,,,,,,,,,,,,,,,,,,,Trea,Turner,ss
"Lindor, Francisco",2020,4.113,10550000.0,17500000.0,,,,,,,,,,,,,,,,,,,,,,,Francisco,Lindor,ss
"Canha, Mark",2020,4.092,2050000.0,4800000.0,,,,,,,,,,,,,,,,,,,,,,,Mark,Canha,1b-lf
"Realmuto, J.T.",2020,5.038,5900000.0,10000000.0,,,,,,,,,,,,,,,,,,,,,,,J.T.,Realmuto,c
"Urshela, Giovanny",2020,2.127,575000.0,2475000.0,,,,,,,,,,,,,,,,,,,,,,,Giovanny,Urshela,3b
"Conforto, Michael",2020,4.043,4025000.0,8000000.0,,,,,,,,,,,,,,,,,,,,,,,Michael,Conforto,rf
"Mancini, Trey",2020,3.015,575500.0,4750000.0,,,,,,,,,,,,,,,,,,,,,,,Trey,Mancini,1b-of
"Seager, Corey",2020,4.032,4000000.0,7600000.0,,,,,,,,,,,,,,,,,,,,,,,Corey,Seager,ss
"Villar, Jonathan",2020,5.113,4825000.0,8200000.0,,,,,,,,,,,,,,,,,,,,,,,Jonathan,Villar,2b
"Bryant, Kris",2020,4.171,12900000.0,18600000.0,,,,,,,,,,,,,,,,,,,,,,,Kris,Bryant,3b
"Sanchez, Gary",2020,3.086,669800.0,5000000.0,,,,,,,,,,,,,,,,,,,,,,,Gary,Sanchez,c
"Pham, Tommy",2020,4.107,4100000.0,7900000.0,,,,,,,,,,,,,,,,,,,,,,,Tommy,Pham,lf
"Pederson, Joc",2020,5.028,5000000.0,7750000.0,,,,,,,,,,,,,,,,,,,,,,,Joc,Pederson,cf
"Schwarber, Kyle",2020,4.086,3390000.0,7010000.0,,,,,,,,,,,,,,,,,,,,,,,Kyle,Schwarber,lf
"Swanson, Dansby",2020,3.047,585000.0,3150000.0,,,,,,,,,,,,,,,,,,,,,,,Dansby,Swanson,ss
"Judge, Aaron",2020,3.051,684300.0,8500000.0,,,,,,,,,,,,,,,,,,,,,,,Aaron,Judge,rf-dh
"Contreras, Willson",2020,3.108,684000.0,4500000.0,,,,,,,,,,,,,,,,,,,,,,,Willson,Contreras,c
"Correa, Carlos",2020,4.119,5000000.0,8000000.0,,,,,,,,,,,,,,,,,,,,,,,Carlos,Correa,ss
"Rosario, Eddie",2020,4.12,4190000.0,7750000.0,,,,,,,,,,,,,,,,,,,,,,,Eddie,Rosario,lf
"Santana, Danny",2020,4.14,,3600000.0,,,,,,,,,,,,,,,,,,,,,,,Danny,Santana,cf-rf
"Gallo, Joey",2020,3.103,605500.0,4400000.0,,,,,,,,,,,,,,,,,,,,,,,Joey,Gallo,3b
"Bell, Josh",2020,3.053,587000.0,4800000.0,,,,,,,,,,,,,,,,,,,,,,,Josh,Bell,1b-rf
"Alberto, Hanser",2020,3.085,578000.0,1650000.0,,,,,,,,,,,,,,,,,,,,,,,Hanser,Alberto,ss
"McCann, James",2020,5.028,2500000.0,5400000.0,,,,,,,,,,,,,,,,,,,,,,,James,McCann,c
"Dahl, David",2020,2.162,560000.0,2425000.0,,,,,,,,,,,,,,,,,,,,,,,David,Dahl,lf
"La Stella, Tommy",2020,5.057,1350000.0,3250000.0,,,,,,,,,,,,,,,,,,,,,,,Tommy,La Stella,2b-3b
"Buxton, Byron",2020,3.16,1750000.0,3075000.0,,,,,,,,,,,,,,,,,,,,,,,Byron,Buxton,cf
"Hernandez, Enrique",2020,5.054,3725000.0,5900000.0,,,,,,,,,,,,,,,,,,,,,,,Enrique,Hernandez,2b-ss
"Goodwin, Brian",2020,3.019,583500.0,2200000.0,,,,,,,,,,,,,,,,,,,,,,,Brian,Goodwin,of
"Casali, Curt",2020,3.151,950000.0,1462500.0,,,,,,,,,,,,,,,,,,,,,,,Curt,Casali,c
"Bradley Jr., Jackie",2020,5.15,8550000.0,11000000.0,,,,,,,,,,,,,,,,,,,,,,,Jackie,Bradley Jr.,cf
"Garcia, Leury",2020,5.025,1550000.0,3250000.0,,,,,,,,,,,,,,,,,,,,,,,Leury,Garcia,cf-2b
"Garcia, Greg",2020,4.083,910000.0,1500000.0,,,,,,,,,,,,,,,,,,,,,,,Greg,Garcia,ss
"Diaz, Aledmys",2020,3.1,2000000.0,2600000.0,,,,,,,,,,,,,,,,,,,,,,,Aledmys,Diaz,ss
"Frazier, Adam",2020,3.075,584000.0,2800000.0,,,,,,,,,,,,,,,,,,,,,,,Adam,Frazier,ss-of
"Margot, Manuel",2020,3.012,577100.0,2475000.0,,,,,,,,,,,,,,,,,,,,,,,Manuel,Margot,cf
"Haniger, Mitch",2020,3.048,590100.0,3010000.0,,,,,,,,,,,,,,,,,,,,,,,Mitch,Haniger,rf
"Nimmo, Brandon",2020,3.042,598285.0,2175000.0,,,,,,,,,,,,,,,,,,,,,,,Brandon,Nimmo,lf
"Solano, Donovan",2020,4.081,,1375000.0,,,,,,,,,,,,,,,,,,,,,,,Donovan,Solano,2b
"Renfroe, Hunter",2020,2.165,582100.0,3300000.0,,,,,,,,,,,,,,,,,,,,,,,Hunter,Renfroe,rf
"DeShields Jr., Delino",2020,4.109,1400000.0,1875000.0,,,,,,,,,,,,,,,,,,,,,,,Delino,DeShields Jr.,cf-lf
"Adrianza, Ehire",2020,5.131,1300000.0,1600000.0,,,,,,,,,,,,,,,,,,,,,,,Ehire,Adrianza,ss
"Barnes, Austin",2020,3.098,575000.0,1100000.0,,,,,,,,,,,,,,,,,,,,,,,Austin,Barnes,c
"Grossman, Robbie",2020,5.06,2000000.0,3725000.0,,,,,,,,,,,,,,,,,,,,,,,Robbie,Grossman,lf
"Smith, Mallex",2020,3.125,578400.0,2350000.0,,,,,,,,,,,,,,,,,,,,,,,Mallex,Smith,lf-cf
"Mazara, Nomar",2020,4.0,3300000.0,5560000.0,,,,,,,,,,,,,,,,,,,,,,,Nomar,Mazara,rf
"Dickerson, Alex",2020,3.106,,925000.0,,,,,,,,,,,,,,,,,,,,,,,Alex,Dickerson,lf
"Lamb, Jake",2020,5.053,4825000.0,5510000.0,,,,,,,,,,,,,,,,,,,,,,,Jake,Lamb,1b
"Duvall, Adam",2020,3.151,,3250000.0,,,,,,,,,,,,,,,,,,,,,,,Adam,Duvall,lf
"Camargo, Johan",2020,2.136,575000.0,1700000.0,,,,,,,,,,,,,,,,,,,,,,,Johan,Camargo,2b
"Naquin, Tyler",2020,3.033,574800.0,1450000.0,,,,,,,,,,,,,,,,,,,,,,,Tyler,Naquin,rf
"Arcia, Orlando",2020,3.047,565700.0,2200000.0,,,,,,,,,,,,,,,,,,,,,,,Orlando,Arcia,ss
"Gamel, Ben",2020,3.029,567700.0,1400000.0,,,,,,,,,,,,,,,,,,,,,,,Ben,Gamel,of
"Knapp, Andrew",2020,3.0,565000.0,710000.0,,,,,,,,,,,,,,,,,,,,,,,Andrew,Knapp,c
"Profar, Jurickson",2020,5.165,3600000.0,5700000.0,,,,,,,,,,,,,,,,,,,,,,,Jurickson,Profar,2b
"Aguilar, Jesus",2020,3.082,637500.0,2575000.0,,,,,,,,,,,,,,,,,,,,,,,Jesus,Aguilar,1b
"Gonzalez, Erik",2020,3.007,577000.0,725000.0,,,,,,,,,,,,,,,,,,,,,,,Erik,Gonzalez,ss
"Hedges, Austin",2020,3.166,2060000.0,3000000.0,,,,,,,,,,,,,,,,,,,,,,,Austin,Hedges,c
"Jankowski, Travis",2020,3.148,1165000.0,1050000.0,,,,,,,,,,,,,,,,,,,,,,,Travis,Jankowski,cf
"Leon, Sandy",2020,5.144,2475000.0,2000000.0,,,,,,,,,,,,,,,,,,,,,,,Sandy,Leon,c
"Pinder, Chad",2020,3.047,565000.0,2025000.0,,,,,,,,,,,,,,,,,,,,,,,Chad,Pinder,2b-of
"Robertson, Daniel",2020,2.134,570300.0,1025000.0,,,,,,,,,,,,,,,,,,,,,,,Daniel,Robertson,ss
"Difo, Wilmer",2020,3.016,581100.0,1000000.0,,,,,,,,,,,,,,,,,,,,,,,Wilmer,Difo,ss
"Almora, Albert",2020,3.072,615500.0,1575000.0,,,,,,,,,,,,,,,,,,,,,,,Albert,Almora,cf
"Jones, Jacoby",2020,2.125,567100.0,1575000.0,,,,,,,,,,,,,,,,,,,,,,,Jacoby,Jones,cf
"Marisnick, Jake",2020,5.132,2212500.0,3312500.0,,,,,,,,,,,,,,,,,,,,,,,Jake,Marisnick,cf
"Stassi, Max",2020,3.049,590100.0,800000.0,,,,,,,,,,,,,,,,,,,,,,,Max,Stassi,c
"Zunino, Mike",2020,5.165,4412500.0,4500000.0,,,,,,,,,,,,,,,,,,,,,,,Mike,Zunino,c
"Taylor, Michael",2020,4.129,3250000.0,3325000.0,,,,,,,,,,,,,,,,,,,,,,,Michael,Taylor,of
"Drury, Brandon",2020,3.165,1300000.0,2050000.0,,,,,,,,,,,,,,,,,,,,,,,Brandon,Drury,3b
"Seager, Corey",2021,5.032,7600000.0,13750000.0,,,,,,,,,,,,,,,,,,,,,,,Corey,Seager,ss
"Murphy, Tom",2021,3.092,577300.0,875000.0,,,,,,,,,,,,,,,,,,,,,,,Tom,Murphy,c
"Canha, Mark",2021,5.092,4800000.0,6925000.0,,,,,,,,,,,,,,,,,,,,,,,Mark,Canha,1b-lf
"Soto, Juan",2021,2.134,629400.0,8500000.0,,,,,,,,,,,,,,,,,,,,,,,Juan,Soto,lf
"Bellinger, Cody",2021,3.16,11500000.0,16100000.0,,,,,,,,,,,,,,,,,,,,,,,Cody,Bellinger,1b-of
"Turner, Trea",2021,4.135,7450000.0,13000000.0,,,,,,,,,,,,,,,,,,,,,,,Trea,Turner,ss
"Buxton, Byron",2021,4.16,3075000.0,5125000.0,,,,,,,,,,,,,,,,,,,,,,,Byron,Buxton,cf
"Urshela, Giovanny",2021,3.127,2475000.0,4650000.0,,,,,,,,,,,,,,,,,,,,,,,Giovanny,Urshela,3b
"Voit, Luke",2021,2.169,634000.0,4700000.0,,,,,,,,,,,,,,,,,,,,,,,Luke,Voit,1b
"Haniger, Mitch",2021,4.048,3010000.0,3010000.0,,,,,,,,,,,,,,,,,,,,,,,Mitch,Haniger,rf
"Santander, Anthony",2021,2.162,572500.0,2100000.0,,,,,,,,,,,,,,,,,,,,,,,Anthony,Santander,rf
"Contreras, Willson",2021,4.108,4500000.0,6650000.0,,,,,,,,,,,,,,,,,,,,,,,Willson,Contreras,c
"Anderson, Brian",2021,3.031,615000.0,3800000.0,,,,,,,,,,,,,,,,,,,,,,,Brian,Anderson,3b
"Lindor, Francisco",2021,5.113,17500000.0,22300000.0,,,,,,,,,,,,,,,,,,,,,,,Francisco,Lindor,ss
"Olson, Matt",2021,3.103,603500.0,5000000.0,,,,,,,,,,,,,,,,,,,,,,,Matt,Olson,1b
"Crawford, J.P.",2021,2.163,575800.0,2050000.0,,,,,,,,,,,,,,,,,,,,,,,J.P.,Crawford,ss
"Candelario, Jeimer",2021,3.038,583300.0,2850000.0,,,,,,,,,,,,,,,,,,,,,,,Jeimer,Candelario,3b
"Hernandez, Teoscar",2021,3.097,602200.0,4325000.0,,,,,,,,,,,,,,,,,,,,,,,Teoscar,Hernandez,lf
"Swanson, Dansby",2021,4.047,3150000.0,6000000.0,,,,,,,,,,,,,,,,,,,,,,,Dansby,Swanson,ss
"Winker, Jesse",2021,3.08,605000.0,3150000.0,,,,,,,,,,,,,,,,,,,,,,,Jesse,Winker,lf-rf
"Hedges, Austin",2021,4.166,3000000.0,3280000.0,,,,,,,,,,,,,,,,,,,,,,,Austin,Hedges,c
"Frazier, Adam",2021,4.075,2800000.0,4300000.0,,,,,,,,,,,,,,,,,,,,,,,Adam,Frazier,ss-of
"Stassi, Max",2021,4.049,800000.0,1600000.0,,,,,,,,,,,,,,,,,,,,,,,Max,Stassi,c
"Baez, Javier",2021,5.089,10000000.0,11650000.0,,,,,,,,,,,,,,,,,,,,,,,Javier,Baez,ss
"Conforto, Michael",2021,5.043,8000000.0,12250000.0,,,,,,,,,,,,,,,,,,,,,,,Michael,Conforto,rf
"Nimmo, Brandon",2021,4.042,2175000.0,4700000.0,,,,,,,,,,,,,,,,,,,,,,,Brandon,Nimmo,lf
"Valaika, Pat",2021,3.079,573500.0,875000.0,,,,,,,,,,,,,,,,,,,,,,,Pat,Valaika,ss
"Vogelbach, Dan",2021,2.138,580900.0,1400000.0,,,,,,,,,,,,,,,,,,,,,,,Dan,Vogelbach,1b
"Frazier, Clint",2021,2.133,588100.0,2100000.0,,,,,,,,,,,,,,,,,,,,,,,Clint,Frazier,of
"Dickerson, Alex",2021,4.12,925000.0,2100000.0,,,,,,,,,,,,,,,,,,,,,,,Alex,Dickerson,lf
"Wendle, Joey",2021,3.088,575600.0,2250000.0,,,,,,,,,,,,,,,,,,,,,,,Joey,Wendle,3b-2b
"Gallo, Joey",2021,4.103,4400000.0,6200000.0,,,,,,,,,,,,,,,,,,,,,,,Joey,Gallo,3b
"Arcia, Orlando",2021,4.047,2200000.0,2000000.0,,,,,,,,,,,,,,,,,,,,,,,Orlando,Arcia,ss
"Stallings, Jacob",2021,2.149,586500.0,1300000.0,,,,,,,,,,,,,,,,,,,,,,,Jacob,Stallings,c
"Kelly, Carson",2021,2.161,581700.0,1700000.0,,,,,,,,,,,,,,,,,,,,,,,Carson,Kelly,c
"Torres, Gleyber",2021,2.162,675600.0,4000000.0,,,,,,,,,,,,,,,,,,,,,,,Gleyber,Torres,2b
"Slater, Austin",2021,2.147,576000.0,1150000.0,,,,,,,,,,,,,,,,,,,,,,,Austin,Slater,of
"Aguilar, Jesus",2021,4.082,2575000.0,4350000.0,,,,,,,,,,,,,,,,,,,,,,,Jesus,Aguilar,1b
"Cooper, Garrett",2021,3.053,580000.0,1900000.0,,,,,,,,,,,,,,,,,,,,,,,Garrett,Cooper,rf-1b
"Judge, Aaron",2021,4.051,8500000.0,10175000.0,,,,,,,,,,,,,,,,,,,,,,,Aaron,Judge,rf-dh
"Smith, Dominic",2021,2.146,578826.0,2550000.0,,,,,,,,,,,,,,,,,,,,,,,Dominic,Smith,1b
"Hoskins, Rhys",2021,3.053,605000.0,4800000.0,,,,,,,,,,,,,,,,,,,,,,,Rhys,Hoskins,1b
"Narvaez, Omar",2021,4.089,2725000.0,2500000.0,,,,,,,,,,,,,,,,,,,,,,,Omar,Narvaez,c
"Davis, J.D.",2021,2.137,592463.0,2100000.0,,,,,,,,,,,,,,,,,,,,,,,J.D.,Davis,3b
"Moran, Colin",2021,3.107,593500.0,2800000.0,,,,,,,,,,,,,,,,,,,,,,,Colin,Moran,3b
"Ruf, Darin",2021,3.138,800000.0,1275000.0,,,,,,,,,,,,,,,,,,,,,,,Darin,Ruf,1b-of
"Margot, Manuel",2021,4.012,2475000.0,3400000.0,,,,,,,,,,,,,,,,,,,,,,,Manuel,Margot,cf
"Bryant, Kris",2021,5.171,18600000.0,19500000.0,,,,,,,,,,,,,,,,,,,,,,,Kris,Bryant,3b
"McMahon, Ryan",2021,3.006,573500.0,2375000.0,,,,,,,,,,,,,,,,,,,,,,,Ryan,McMahon,1b-3b
"Goodrum, Niko",2021,3.031,698200.0,2100000.0,,,,,,,,,,,,,,,,,,,,,,,Niko,Goodrum,ss
"Dozier, Hunter",2021,3.06,610500.0,2720000.0,,,,,,,,,,,,,,,,,,,,,,,Hunter,Dozier,3b-rf
"Pina, Manny",2021,5.046,1850000.0,1650000.0,,,,,,,,,,,,,,,,,,,,,,,Manny,Pina,c
"Heredia, Guillermo",2021,3.112,1000000.0,1000000.0,,,,,,,,,,,,,,,,,,,,,,,Guillermo,Heredia,of
"Happ, Ian",2021,3.036,624000.0,4100000.0,,,,,,,,,,,,,,,,,,,,,,,Ian,Happ,cf
"Diaz, Aledmys",2021,4.1,2600000.0,3000000.0,,,,,,,,,,,,,,,,,,,,,,,Aledmys,Diaz,ss
"Kemp, Tony",2021,3.098,597100.0,1050000.0,,,,,,,,,,,,,,,,,,,,,,,Tony,Kemp,2b-of
"Knapp, Andrew",2021,4.0,710000.0,1100000.0,,,,,,,,,,,,,,,,,,,,,,,Andrew,Knapp,c
"Kiner-Falefa, Isiah",2021,3.0,587000.0,2000000.0,,,,,,,,,,,,,,,,,,,,,,,Isiah,Kiner-Falefa,c
"Camargo, Johan",2021,3.098,1700000.0,1360000.0,,,,,,,,,,,,,,,,,,,,,,,Johan,Camargo,2b
"Severino, Pedro",2021,3.099,576000.0,1825000.0,,,,,,,,,,,,,,,,,,,,,,,Pedro,Severino,c
"Diaz, Elias",2021,4.088,1100000.0,1200000.0,,,,,,,,,,,,,,,,,,,,,,,Elias,Diaz,c
"Pham, Tommy",2021,5.107,7900000.0,8900000.0,,,,,,,,,,,,,,,,,,,,,,,Tommy,Pham,lf
"Choi, Ji-Man",2021,3.076,850000.0,2450000.0,,,,,,,,,,,,,,,,,,,,,,,Ji-Man,Choi,1b
"Sanchez, Yolmer",2021,5.04,,1000000.0,,,,,,,,,,,,,,,,,,,,,,,Yolmer,Sanchez,2b
"Jones, JaCoby",2021,3.125,1575000.0,2650000.0,,,,,,,,,,,,,,,,,,,,,,,JaCoby,Jones,cf
"Cordero, Franchy",2021,3.038,571100.0,800000.0,,,,,,,,,,,,,,,,,,,,,,,Franchy,Cordero,cf-rf
"Soler, Jorge",2021,5.143,7966667.0,8050000.0,,,,,,,,,,,,,,,,,,,,,,,Jorge,Soler,dh-rf
"Pinder, Chad",2021,4.047,2025000.0,2275000.0,,,,,,,,,,,,,,,,,,,,,,,Chad,Pinder,2b-of
"Caratini, Victor",2021,3.051,592000.0,1300000.0,,,,,,,,,,,,,,,,,,,,,,,Victor,Caratini,c
"Solano, Donovan",2021,5.081,1375000.0,3250000.0,,,,,,,,,,,,,,,,,,,,,,,Donovan,Solano,2b-3b
"Plawecki, Kevin",2021,4.167,900000.0,1600000.0,,,,,,,,,,,,,,,,,,,,,,,Kevin,Plawecki,c
"Engel, Adam",2021,3.058,588000.0,1375000.0,,,,,,,,,,,,,,,,,,,,,,,Adam,Engel,of
"Tapia, Raimel",2021,3.02,573500.0,1950000.0,,,,,,,,,,,,,,,,,,,,,,,Raimel,Tapia,of
"Correa, Carlos",2021,5.119,8000000.0,11700000.0,,,,,,,,,,,,,,,,,,,,,,,Carlos,Correa,ss
"Sanchez, Gary",2021,4.086,5000000.0,6350000.0,,,,,,,,,,,,,,,,,,,,,,,Gary,Sanchez,c
"Bell, Josh",2021,4.053,4800000.0,6350000.0,,,,,,,,,,,,,,,,,,,,,,,Josh,Bell,1b-rf
"Garver, Mitch",2021,3.045,620000.0,1875000.0,,,,,,,,,,,,,,,,,,,,,,,Mitch,Garver,c
"Chapman, Matt",2021,3.109,623500.0,6490000.0,,,,,,,,,,,,,,,,,,,,,,,Matt,Chapman,3b
"Gonzalez, Erik",2021,4.007,725000.0,1225000.0,,,,,,,,,,,,,,,,,,,,,,,Erik,Gonzalez,ss
"Mondesi, Adalberto",2021,3.088,604500.0,2525000.0,,,,,,,,,,,,,,,,,,,,,,,Adalberto,Mondesi,ss
"Devers, Rafael",2021,3.07,692500.0,4575000.0,,,,,,,,,,,,,,,,,,,,,,,Rafael,Devers,3b
"Alfaro, Jorge",2021,3.083,595000.0,2050000.0,,,,,,,,,,,,,,,,,,,,,,,Jorge,Alfaro,c
"Bader, Harrison",2021,3.03,590100.0,2000000.0,,,,,,,,,,,,,,,,,,,,,,,Harrison,Bader,of
"Rosario, Amed",2021,3.062,608780.0,2400000.0,,,,,,,,,,,,,,,,,,,,,,,Amed,Rosario,ss
"Mancini, Trey",2021,4.015,4750000.0,4750000.0,,,,,,,,,,,,,,,,,,,,,,,Trey,Mancini,1b-of
"Soto, Juan",2022,3.134,8500000.0,17100000.0,,,,,,,,,,,,,,,,,,,,,,,Juan,Soto,lf
"Guerrero, Vladimir Jr.",2022,2.157,605400.0,7900000.0,,,,,,,,,,,,,,,,,,,,,,,Vladimir Jr.,Guerrero,1b
"Judge, Aaron",2022,5.051,10175000.0,19000000.0,,,,,,,,,,,,,,,,,,,,,,,Aaron,Judge,rf-dh
"Devers, Rafael",2022,4.07,4575000.0,11200000.0,,,,,,,,,,,,,,,,,,,,,,,Rafael,Devers,3b
"Riley, Austin",2022,2.138,590500.0,3950000.0,,,,,,,,,,,,,,,,,,,,,,,Austin,Riley,3b
"O'Neill, Tyler",2022,3.059,594700.0,3400000.0,,,,,,,,,,,,,,,,,,,,,,,Tyler,O'Neill,lf
"Hernández, Teoscar",2022,4.097,4325000.0,10650000.0,,,,,,,,,,,,,,,,,,,,,,,Teoscar,Hernández,lf
"Alonso, Pete",2022,3.0,676775.0,7400000.0,,,,,,,,,,,,,,,,,,,,,,,Pete,Alonso,1b
"Lopez, Nicky",2022,2.139,597500.0,2550000.0,,,,,,,,,,,,,,,,,,,,,,,Nicky,Lopez,ss
"Renfroe, Hunter",2022,4.165,3100000.0,7650000.0,,,,,,,,,,,,,,,,,,,,,,,Hunter,Renfroe,rf
"Haniger, Mitch",2022,5.048,3010000.0,7750000.0,,,,,,,,,,,,,,,,,,,,,,,Mitch,Haniger,rf
"Turner, Trea",2022,5.135,13000000.0,21000000.0,,,,,,,,,,,,,,,,,,,,,,,Trea,Turner,ss
"Narvaez, Omar",2022,5.089,2500000.0,5000000.0,,,,,,,,,,,,,,,,,,,,,,,Omar,Narvaez,c
"Urias, Luis",2022,2.12,575100.0,2550000.0,,,,,,,,,,,,,,,,,,,,,,,Luis,Urias,ss
"Nimmo, Brandon",2022,5.042,4700000.0,7000000.0,,,,,,,,,,,,,,,,,,,,,,,Brandon,Nimmo,lf
"Bell, Josh",2022,5.053,6350000.0,10000000.0,,,,,,,,,,,,,,,,,,,,,,,Josh,Bell,1b-rf
"Verdugo, Alex",2022,3.078,649500.0,3550000.0,,,,,,,,,,,,,,,,,,,,,,,Alex,Verdugo,of
"Arraez, Luis",2022,2.121,611000.0,2125000.0,,,,,,,,,,,,,,,,,,,,,,,Luis,Arraez,2b
"Kiner-Falefa, Isiah",2022,4.0,2000000.0,4700000.0,,,,,,,,,,,,,,,,,,,,,,,Isiah,Kiner-Falefa,c
"Swanson, Dansby",2022,5.047,6000000.0,10000000.0,,,,,,,,,,,,,,,,,,,,,,,Dansby,Swanson,ss
"Candelario, Jeimer",2022,4.038,2850000.0,5800000.0,,,,,,,,,,,,,,,,,,,,,,,Jeimer,Candelario,3b
"Margot, Manuel",2022,5.012,3400000.0,5600000.0,,,,,,,,,,,,,,,,,,,,,,,Manuel,Margot,cf
"Benintendi, Andrew",2022,5.062,6600000.0,8500000.0,,,,,,,,,,,,,,,,,,,,,,,Andrew,Benintendi,lf
"Kemp, Tony",2022,4.098,1050000.0,2250000.0,,,,,,,,,,,,,,,,,,,,,,,Tony,Kemp,2b-of
"Stallings, Jacob",2022,3.149,1300000.0,2450000.0,,,,,,,,,,,,,,,,,,,,,,,Jacob,Stallings,c
"Yastrzemski, Mike",2022,2.128,600000.0,3700000.0,,,,,,,,,,,,,,,,,,,,,,,Mike,Yastrzemski,of
"Kelly, Carson",2022,3.161,1700000.0,3325000.0,,,,,,,,,,,,,,,,,,,,,,,Carson,Kelly,c
"Contreras, Willson",2022,5.108,6650000.0,9625000.0,,,,,,,,,,,,,,,,,,,,,,,Willson,Contreras,c
"Sanchez, Gary",2022,5.086,6350000.0,9000000.0,,,,,,,,,,,,,,,,,,,,,,,Gary,Sanchez,c
"Diaz, Yandy",2022,3.122,588900.0,2800000.0,,,,,,,,,,,,,,,,,,,,,,,Yandy,Diaz,3b
"Stassi, Max",2022,5.049,1600000.0,3000000.0,,,,,,,,,,,,,,,,,,,,,,,Max,Stassi,c
"Farmer, Kyle",2022,3.129,640000.0,3155000.0,,,,,,,,,,,,,,,,,,,,,,,Kyle,Farmer,c
"Hoskins, Rhys",2022,4.053,4800000.0,7700000.0,,,,,,,,,,,,,,,,,,,,,,,Rhys,Hoskins,1b
"Meadows, Austin",2022,3.074,581400.0,4000000.0,,,,,,,,,,,,,,,,,,,,,,,Austin,Meadows,rf
"Happ, Ian",2022,4.036,4100000.0,6850000.0,,,,,,,,,,,,,,,,,,,,,,,Ian,Happ,cf
"Reyes, Franmil",2022,3.115,602400.0,4550000.0,,,,,,,,,,,,,,,,,,,,,,,Franmil,Reyes,rf
"Rosario, Amed",2022,4.062,2400000.0,4950000.0,,,,,,,,,,,,,,,,,,,,,,,Amed,Rosario,ss-of
"Crawford, J.P.",2022,3.163,2050000.0,4850000.0,,,,,,,,,,,,,,,,,,,,,,,J.P.,Crawford,ss
"Ramirez, Harold",2022,2.124,,728000.0,,,,,,,,,,,,,,,,,,,,,,,Harold,Ramirez,of
"Tapia, Raimel",2022,4.02,1950000.0,3950000.0,,,,,,,,,,,,,,,,,,,,,,,Raimel,Tapia,of
"Wendle, Joey",2022,4.088,2250000.0,4550000.0,,,,,,,,,,,,,,,,,,,,,,,Joey,Wendle,3b-2b
"Torres, Gleyber",2022,3.162,4000000.0,6250000.0,,,,,,,,,,,,,,,,,,,,,,,Gleyber,Torres,ss
"McNeil, Jeff",2022,3.069,642251.0,3000000.0,,,,,,,,,,,,,,,,,,,,,,,Jeff,McNeil,3b-lf
"Garver, Mitch",2022,4.045,1875000.0,3335000.0,,,,,,,,,,,,,,,,,,,,,,,Mitch,Garver,c
"Naquin, Tyler",2022,5.033,1500000.0,4025000.0,,,,,,,,,,,,,,,,,,,,,,,Tyler,Naquin,rf
"Gallo, Joey",2022,5.103,6200000.0,10275000.0,,,,,,,,,,,,,,,,,,,,,,,Joey,Gallo,of-3b
"Murphy, Tom",2022,4.092,875000.0,1575000.0,,,,,,,,,,,,,,,,,,,,,,,Tom,Murphy,c
"Anderson, Brian",2022,4.031,3800000.0,4475000.0,,,,,,,,,,,,,,,,,,,,,,,Brian,Anderson,3b
"Higashioka, Kyle",2022,3.005,594000.0,935000.0,,,,,,,,,,,,,,,,,,,,,,,Kyle,Higashioka,c
"Plawecki, Kevin",2022,5.167,1600000.0,2250000.0,,,,,,,,,,,,,,,,,,,,,,,Kevin,Plawecki,c
"Engel, Adam",2022,4.058,1375000.0,2000000.0,,,,,,,,,,,,,,,,,,,,,,,Adam,Engel,of
"Slater, Austin",2022,3.147,1150000.0,1850000.0,,,,,,,,,,,,,,,,,,,,,,,Austin,Slater,of
"Jansen, Danny",2022,3.05,601800.0,1950000.0,,,,,,,,,,,,,,,,,,,,,,,Danny,Jansen,c
"Santander, Anthony",2022,3.162,2100000.0,3150000.0,,,,,,,,,,,,,,,,,,,,,,,Anthony,Santander,rf
"Hedges, Austin",2022,5.166,3280000.0,4000000.0,,,,,,,,,,,,,,,,,,,,,,,Austin,Hedges,c
"Hampson, Garrett",2022,3.03,580500.0,1863000.0,,,,,,,,,,,,,,,,,,,,,,,Garrett,Hampson,2b-ss
"Urshela, Giovanny",2022,4.127,4650000.0,6550000.0,,,,,,,,,,,,,,,,,,,,,,,Giovanny,Urshela,3b
"Mejia, Francisco",2022,3.054,580500.0,1455000.0,,,,,,,,,,,,,,,,,,,,,,,Francisco,Mejia,c
"Walker, Christian",2022,3.124,619300.0,2600000.0,,,,,,,,,,,,,,,,,,,,,,,Christian,Walker,1b
"Duvall, Adam",2022,5.151,5000000.0,9275000.0,,,,,,,,,,,,,,,,,,,,,,,Adam,Duvall,rf
"Heredia, Guillermo",2022,4.112,,1000000.0,,,,,,,,,,,,,,,,,,,,,,,Guillermo,Heredia,of
"Diaz, Aledmys",2022,5.1,3000000.0,4450000.0,,,,,,,,,,,,,,,,,,,,,,,Aledmys,Diaz,ss
"Caratini, Victor",2022,4.051,1300000.0,2000000.0,,,,,,,,,,,,,,,,,,,,,,,Victor,Caratini,c
"Phillips, Brett",2022,3.013,584400.0,1400000.0,,,,,,,,,,,,,,,,,,,,,,,Brett,Phillips,of
"Naylor, Josh",2022,2.127,577500.0,1200000.0,,,,,,,,,,,,,,,,,,,,,,,Josh,Naylor,lf-1b
"Gallagher, Cam",2022,3.106,604000.0,885000.0,,,,,,,,,,,,,,,,,,,,,,,Cam,Gallagher,c
"Andujar, Miguel",2022,3.117,639000.0,1300000.0,,,,,,,,,,,,,,,,,,,,,,,Miguel,Andujar,3b
"Biggio, Cavan",2022,2.129,604000.0,2123000.0,,,,,,,,,,,,,,,,,,,,,,,Cavan,Biggio,2b
"Frazier, Adam",2022,5.075,4300000.0,8000000.0,,,,,,,,,,,,,,,,,,,,,,,Adam,Frazier,ss-of
"Moore, Dylan",2022,3.0,590400.0,1350000.0,,,,,,,,,,,,,,,,,,,,,,,Dylan,Moore,3b
"Calhoun, Willie",2022,3.033,593000.0,1300000.0,,,,,,,,,,,,,,,,,,,,,,,Willie,Calhoun,2b
"Robles, Victor",2022,3.033,614000.0,1650000.0,,,,,,,,,,,,,,,,,,,,,,,Victor,Robles,of
"Arroyo, Christian",2022,3.036,581500.0,1200000.0,,,,,,,,,,,,,,,,,,,,,,,Christian,Arroyo,3b
"Berti, Jon",2022,2.168,607500.0,1200000.0,,,,,,,,,,,,,,,,,,,,,,,Jon,Berti,3b
"Cooper, Garrett",2022,4.053,1900000.0,2500000.0,,,,,,,,,,,,,,,,,,,,,,,Garrett,Cooper,rf-1b
"Adames, Willy",2022,3.105,590000.0,4600000.0,,,,,,,,,,,,,,,,,,,,,,,Willy,Adames,ss
"Peterson, Jace",2022,5.142,,1850000.0,,,,,,,,,,,,,,,,,,,,,,,Jace,Peterson,2b-3b
"Guillorme, Luis",2022,2.167,580701.0,875000.0,,,,,,,,,,,,,,,,,,,,,,,Luis,Guillorme,inf
"Casali, Curt",2022,5.151,1500000.0,2600000.0,,,,,,,,,,,,,,,,,,,,,,,Curt,Casali,c
"Garneau, Dustin",2022,3.14,,1175000.0,,,,,,,,,,,,,,,,,,,,,,,Dustin,Garneau,c
"Pinder, Chad",2022,5.047,2275000.0,2725000.0,,,,,,,,,,,,,,,,,,,,,,,Chad,Pinder,2b-of
"Torrens, Luis",2022,2.118,580700.0,1200000.0,,,,,,,,,,,,,,,,,,,,,,,Luis,Torrens,c
"Choi, Ji-Man",2022,4.076,2450000.0,3200000.0,,,,,,,,,,,,,,,,,,,,,,,Ji-Man,Choi,1b
"Reyes, Victor",2022,3.075,587100.0,1400000.0,,,,,,,,,,,,,,,,,,,,,,,Victor,Reyes,rf
"Newman, Kevin",2022,3.046,598000.0,1950000.0,,,,,,,,,,,,,,,,,,,,,,,Kevin,Newman,2b
"Senzel, Nick",2022,2.15,580500.0,1250000.0,,,,,,,,,,,,,,,,,,,,,,,Nick,Senzel,of-3b
"Tellez, Rowdy",2022,3.004,598100.0,1940000.0,,,,,,,,,,,,,,,,,,,,,,,Rowdy,Tellez,1b
"Alfaro, Jorge",2022,4.083,2050000.0,2725000.0,,,,,,,,,,,,,,,,,,,,,,,Jorge,Alfaro,c
"Stevenson, Andrew",2022,2.125,579100.0,850000.0,,,,,,,,,,,,,,,,,,,,,,,Andrew,Stevenson,lf
"Luplow, Jordan",2022,3.112,581500.0,1400000.0,,,,,,,,,,,,,,,,,,,,,,,Jordan,Luplow,of
"Zimmer, Bradley",2022,3.077,,1300000.0,,,,,,,,,,,,,,,,,,,,,,,Bradley,Zimmer,of
"Castro, Harold",2022,2.141,581700.0,1275000.0,,,,,,,,,,,,,,,,,,,,,,,Harold,Castro,3b
"Mondesi, Adalberto",2022,4.088,2525000.0,3000000.0,,,,,,,,,,,,,,,,,,,,,,,Adalberto,Mondesi,ss-3b
"Bellinger, Cody",2022,4.16,16100000.0,17000000.0,,,,,,,,,,,,,,,,,,,,,,,Cody,Bellinger,1b-of
"Smith, Dominic",2022,3.146,2550000.0,3950000.0,,,,,,,,,,,,,,,,,,,,,,,Dominic,Smith,1b
"Voit, Luke",2022,3.169,4700000.0,5450000.0,,,,,,,,,,,,,,,,,,,,,,,Luke,Voit,1b
"Locastro, Tim",2022,3.01,589100.0,900000.0,,,,,,,,,,,,,,,,,,,,,,,Tim,Locastro,2b-of
"Gamel, Ben",2022,5.02,1500000.0,1800000.0,,,,,,,,,,,,,,,,,,,,,,,Ben,Gamel,cf
"Wade, Tyler",2022,3.088,603300.0,825000.0,,,,,,,,,,,,,,,,,,,,,,,Tyler,Wade,2b
"Cave, Jake",2022,3.072,597500.0,800000.0,,,,,,,,,,,,,,,,,,,,,,,Jake,Cave,of
"Davis, J.D.",2022,3.137,2100000.0,2760000.0,,,,,,,,,,,,,,,,,,,,,,,J.D.,Davis,3b
"O'Hearn, Ryan",2022,3.002,,1300000.0,,,,,,,,,,,,,,,,,,,,,,,Ryan,O'Hearn,1b
"Alonso, Pete",2023,4.0,7400000.0,14500000.0,,,,,,,,,,,,,,,,,,,,,,,Pete,Alonso,1b
"Walker, Christian",2023,4.124,2600000.0,6500000.0,,,,,,,,,,,,,,,,,,,,,,,Christian,Walker,1b
"Guerrero, Vladimir Jr.",2023,3.157,7900000.0,14500000.0,,,,,,,,,,,,,,,,,,,,,,,Vladimir Jr.,Guerrero,3b
"Smith, Will",2023,3.09,730000.0,5250000.0,,,,,,,,,,,,,,,,,,,,,,,Will,Smith,c
"Tucker, Kyle",2023,3.079,764200.0,5000000.0,,,,,,,,,,,,,,,,,,,,,,,Kyle,Tucker,of
"Ward, Taylor",2023,2.164,720000.0,2750000.0,,,,,,,,,,,,,,,,,,,,,,,Taylor,Ward,3b
"Devers, Rafael",2023,5.07,11200000.0,17500000.0,,,,,,,,,,,,,,,,,,,,,,,Rafael,Devers,3b
"Santander, Anthony",2023,4.162,3150000.0,7400000.0,,,,,,,,,,,,,,,,,,,,,,,Anthony,Santander,rf
"Trevino, Jose",2023,3.063,720000.0,2360000.0,,,,,,,,,,,,,,,,,,,,,,,Jose,Trevino,c
"Arraez, Luis",2023,3.121,2125000.0,6100000.0,,,,,,,,,,,,,,,,,,,,,,,Luis,Arraez,2b
"Happ, Ian",2023,5.036,6850000.0,10850000.0,,,,,,,,,,,,,,,,,,,,,,,Ian,Happ,cf
"Hoerner, Nico",2023,3.014,720000.0,2525000.0,,,,,,,,,,,,,,,,,,,,,,,Nico,Hoerner,2b
"Soto, Juan",2023,4.134,17100000.0,23000000.0,,,,,,,,,,,,,,,,,,,,,,,Juan,Soto,lf
"Hernández, Teoscar",2023,5.097,10650000.0,14000000.0,,,,,,,,,,,,,,,,,,,,,,,Teoscar,Hernández,lf
"Torres, Gleyber",2023,4.162,6250000.0,9950000.0,,,,,,,,,,,,,,,,,,,,,,,Gleyber,Torres,ss
"Mullins, Cedric",2023,3.078,716500.0,4100000.0,,,,,,,,,,,,,,,,,,,,,,,Cedric,Mullins,cf
"Rodgers, Brendan",2023,3.075,710000.0,2700000.0,,,,,,,,,,,,,,,,,,,,,,,Brendan,Rodgers,ss
"Rosario, Amed",2023,5.062,4950000.0,7800000.0,,,,,,,,,,,,,,,,,,,,,,,Amed,Rosario,ss-of
"Varsho, Daulton",2023,2.128,721700.0,3050000.0,,,,,,,,,,,,,,,,,,,,,,,Daulton,Varsho,c
"Edman, Tommy",2023,3.114,722900.0,4200000.0,,,,,,,,,,,,,,,,,,,,,,,Tommy,Edman,2b
"Lowe, Nathaniel",2023,2.145,716000.0,4050000.0,,,,,,,,,,,,,,,,,,,,,,,Nathaniel,Lowe,1b
"Hoskins, Rhys",2023,5.053,7700000.0,12000000.0,,,,,,,,,,,,,,,,,,,,,,,Rhys,Hoskins,1b
"Renfroe, Hunter",2023,5.165,7650000.0,11900000.0,,,,,,,,,,,,,,,,,,,,,,,Hunter,Renfroe,rf
"France, Ty",2023,3.089,734500.0,4100000.0,,,,,,,,,,,,,,,,,,,,,,,Ty,France,3b
"Adames, Willy",2023,4.105,4600000.0,8700000.0,,,,,,,,,,,,,,,,,,,,,,,Willy,Adames,ss
"Hays, Austin",2023,3.057,713000.0,3200000.0,,,,,,,,,,,,,,,,,,,,,,,Austin,Hays,lf
"Rengifo, Luis",2023,3.043,,2300000.0,,,,,,,,,,,,,,,,,,,,,,,Luis,Rengifo,2b
"Arozarena, Randy",2023,2.129,716600.0,4150000.0,,,,,,,,,,,,,,,,,,,,,,,Randy,Arozarena,lf
"Tellez, Rowdy",2023,4.004,1940000.0,4950000.0,,,,,,,,,,,,,,,,,,,,,,,Rowdy,Tellez,1b
"Verdugo, Alex",2023,4.078,3550000.0,6300000.0,,,,,,,,,,,,,,,,,,,,,,,Alex,Verdugo,of
"Jansen, Danny",2023,4.05,1950000.0,3500000.0,,,,,,,,,,,,,,,,,,,,,,,Danny,Jansen,c
"Nido, Tomás",2023,4.089,890000.0,1575000.0,,,,,,,,,,,,,,,,,,,,,,,Tomás,Nido,c
"Thomas, Lane",2023,3.014,723600.0,2200000.0,,,,,,,,,,,,,,,,,,,,,,,Lane,Thomas,rf
"Estrada, Thairo",2023,2.169,715000.0,2250000.0,,,,,,,,,,,,,,,,,,,,,,,Thairo,Estrada,2b-ss
"Urías, Luis",2023,3.12,2550000.0,4700000.0,,,,,,,,,,,,,,,,,,,,,,,Luis,Urías,2b-ss
"Higashioka, Kyle",2023,4.005,935000.0,1462500.0,,,,,,,,,,,,,,,,,,,,,,,Kyle,Higashioka,c
"Caratini, Victor",2023,5.051,2000000.0,2800000.0,,,,,,,,,,,,,,,,,,,,,,,Victor,Caratini,c
"Yastrzemski, Mike",2023,3.128,3700000.0,6100000.0,,,,,,,,,,,,,,,,,,,,,,,Mike,Yastrzemski,of
"Kemp, Tony",2023,5.098,2225000.0,3725000.0,,,,,,,,,,,,,,,,,,,,,,,Tony,Kemp,2b-of
"Espinal, Santiago",2023,2.149,718000.0,2100000.0,,,,,,,,,,,,,,,,,,,,,,,Santiago,Espinal,2b
"Naylor, Josh",2023,3.127,1200000.0,3350000.0,,,,,,,,,,,,,,,,,,,,,,,Josh,Naylor,lf-1b
"Guillorme, Luis",2023,3.167,875000.0,1600000.0,,,,,,,,,,,,,,,,,,,,,,,Luis,Guillorme,inf
"Kiner-Falefa, Isiah",2023,5.0,4700000.0,6000000.0,,,,,,,,,,,,,,,,,,,,,,,Isiah,Kiner-Falefa,ss
"Farmer, Kyle",2023,4.129,3155000.0,5585000.0,,,,,,,,,,,,,,,,,,,,,,,Kyle,Farmer,inf
"Senzel, Nick",2023,3.15,1250000.0,1950000.0,,,,,,,,,,,,,,,,,,,,,,,Nick,Senzel,of-3b
"Rojas, Josh",2023,2.152,730900.0,2575000.0,,,,,,,,,,,,,,,,,,,,,,,Josh,Rojas,2b
"Ramirez, Harold",2023,3.124,728000.0,2200000.0,,,,,,,,,,,,,,,,,,,,,,,Harold,Ramirez,of
"Kelly, Carson",2023,4.161,3325000.0,4275000.0,,,,,,,,,,,,,,,,,,,,,,,Carson,Kelly,c
"Garver, Mitch",2023,5.045,3335000.0,3900000.0,,,,,,,,,,,,,,,,,,,,,,,Mitch,Garver,c
"Slater, Austin",2023,4.147,1850000.0,3200000.0,,,,,,,,,,,,,,,,,,,,,,,Austin,Slater,of
"Madrigal, Nick",2023,2.164,716500.0,1225000.0,,,,,,,,,,,,,,,,,,,,,,,Nick,Madrigal,2b
"Mateo, Jorge",2023,3.0,709500.0,2000000.0,,,,,,,,,,,,,,,,,,,,,,,Jorge,Mateo,rf
"Laureano, Ramon",2023,3.165,2046154.0,3550000.0,,,,,,,,,,,,,,,,,,,,,,,Ramon,Laureano,cf
"Wendle, Joey",2023,5.088,4550000.0,6000000.0,,,,,,,,,,,,,,,,,,,,,,,Joey,Wendle,3b-2b
"Grisham, Trent",2023,3.06,729300.0,3175000.0,,,,,,,,,,,,,,,,,,,,,,,Trent,Grisham,cf
"Newman, Kevin",2023,4.046,1950000.0,2662500.0,,,,,,,,,,,,,,,,,,,,,,,Kevin,Newman,2b
"Vargas, Ildemaro",2023,3.007,,975000.0,,,,,,,,,,,,,,,,,,,,,,,Ildemaro,Vargas,ss
"Lopez, Nicky",2023,3.139,2550000.0,3700000.0,,,,,,,,,,,,,,,,,,,,,,,Nicky,Lopez,2b
"Wade, LaMonte",2023,3.035,730000.0,1375000.0,,,,,,,,,,,,,,,,,,,,,,,LaMonte,Wade,lf
"Thompson, Trayce",2023,3.01,,1450000.0,,,,,,,,,,,,,,,,,,,,,,,Trayce,Thompson,of
"Refsnyder, Rob",2023,4.048,,1200000.0,,,,,,,,,,,,,,,,,,,,,,,Rob,Refsnyder,2b-of
"O'Neill, Tyler",2023,4.059,3400000.0,4950000.0,,,,,,,,,,,,,,,,,,,,,,,Tyler,O'Neill,lf
"Arroyo, Christian",2023,4.036,1200000.0,2000000.0,,,,,,,,,,,,,,,,,,,,,,,Christian,Arroyo,3b
"Meadows, Austin",2023,4.074,4000000.0,4300000.0,,,,,,,,,,,,,,,,,,,,,,,Austin,Meadows,rf
"Nola, Austin",2023,3.106,726900.0,2350000.0,,,,,,,,,,,,,,,,,,,,,,,Austin,Nola,c
"Cooper, Garrett",2023,5.053,2500000.0,4200000.0,,,,,,,,,,,,,,,,,,,,,,,Garrett,Cooper,rf-1b
"Toro, Abraham",2023,2.149,730300.0,1250000.0,,,,,,,,,,,,,,,,,,,,,,,Abraham,Toro,3b
"Garlick, Kyle",2023,2.163,,750000.0,,,,,,,,,,,,,,,,,,,,,,,Kyle,Garlick,rf
"Stallings, Jacob",2023,4.149,2450000.0,3350000.0,,,,,,,,,,,,,,,,,,,,,,,Jacob,Stallings,c
"Bethancourt, Christian",2023,3.038,,1350000.0,,,,,,,,,,,,,,,,,,,,,,,Christian,Bethancourt,c-lf
"Hiura, Keston",2023,3.009,705100.0,2200000.0,,,,,,,,,,,,,,,,,,,,,,,Keston,Hiura,2b
"Brosseau, Mike",2023,3.031,706300.0,1400000.0,,,,,,,,,,,,,,,,,,,,,,,Mike,Brosseau,3b
"Biggio, Cavan",2023,3.129,2112500.0,2800000.0,,,,,,,,,,,,,,,,,,,,,,,Cavan,Biggio,2b
"McGuire, Reese",2023,3.027,722400.0,1225000.0,,,,,,,,,,,,,,,,,,,,,,,Reese,McGuire,c
"Mondesi, Adalberto",2023,5.088,3000000.0,3045000.0,,,,,,,,,,,,,,,,,,,,,,,Adalberto,Mondesi,ss
"Andújar, Miguel",2023,4.002,,1525000.0,,,,,,,,,,,,,,,,,,,,,,,Miguel,Andújar,3b
"Dubón, Mauricio",2023,2.162,715000.0,1400000.0,,,,,,,,,,,,,,,,,,,,,,,Mauricio,Dubón,ss
"Murphy, Tom",2023,5.092,1575000.0,1625000.0,,,,,,,,,,,,,,,,,,,,,,,Tom,Murphy,c
"Sosa, Edmundo",2023,2.14,715600.0,950000.0,,,,,,,,,,,,,,,,,,,,,,,Edmundo,Sosa,ss
"Lewis, Kyle",2023,2.146,757900.0,1610000.0,,,,,,,,,,,,,,,,,,,,,,,Kyle,Lewis,of
"Davis, J.D.",2023,4.137,2760000.0,4210000.0,,,,,,,,,,,,,,,,,,,,,,,J.D.,Davis,3b
"Knizner, Andrew",2023,3.021,718300.0,1100000.0,,,,,,,,,,,,,,,,,,,,,,,Andrew,Knizner,c
"O'Hearn, Ryan",2023,4.002,1300000.0,1400000.0,,,,,,,,,,,,,,,,,,,,,,,Ryan,O'Hearn,1b
"Choi, Ji-Man",2023,5.076,3200000.0,4650000.0,,,,,,,,,,,,,,,,,,,,,,,Ji-Man,Choi,1b
"Mejía, Francisco",2023,4.062,1455000.0,2155000.0,,,,,,,,,,,,,,,,,,,,,,,Francisco,Mejía,c
"Walsh, Jared",2023,3.01,730000.0,2650000.0,,,,,,,,,,,,,,,,,,,,,,,Jared,Walsh,1b-rf
"Laureano, Ramón",2024,4.165,3550000.0,5150000.0,,,,,,,,,,,,,,,,,,,,,,,Ramón,Laureano,rf
"Berti, Jon",2024,4.168,2100000.0,3500000.0,,,,,,,,,,,,,,,,,,,,,,,Jon,Berti,lf-3b
"Yastrzemski, Mike",2024,4.128,6100000.0,7900000.0,,,,,,,,,,,,,,,,,,,,,,,Mike,Yastrzemski,cf
"Mateo, Jorge",2024,4.0,2000000.0,2700000.0,,,,,,,,,,,,,,,,,,,,,,,Jorge,Mateo,ss
"Robles, Victor",2024,5.033,2325000.0,2650000.0,,,,,,,,,,,,,,,,,,,,,,,Victor,Robles,cf
"Wisdom, Patrick",2024,3.058,763000.0,2725000.0,,,,,,,,,,,,,,,,,,,,,,,Patrick,Wisdom,3b-1b
"Stewart, DJ",2024,2.168,,1380000.0,,,,,,,,,,,,,,,,,,,,,,,DJ,Stewart,of
"Slater, Austin",2024,5.147,3200000.0,4000000.0,,,,,,,,,,,,,,,,,,,,,,,Austin,Slater,of
"Andujar, Miguel",2024,4.053,1525000.0,1700000.0,,,,,,,,,,,,,,,,,,,,,,,Miguel,Andujar,3b
"Toro, Abraham",2024,3.011,1250000.0,1275000.0,,,,,,,,,,,,,,,,,,,,,,,Abraham,Toro,3b
"McKenna, Ryan",2024,2.123,725800.0,800000.0,,,,,,,,,,,,,,,,,,,,,,,Ryan,McKenna,of
"Hilliard, Sam",2024,3.094,750000.0,800000.0,,,,,,,,,,,,,,,,,,,,,,,Sam,Hilliard,rf
